-- phpMyAdmin SQL Dump
-- version 5.2.0
-- https://www.phpmyadmin.net/
--
-- Host: 127.0.0.1
-- Generation Time: Jun 26, 2023 at 08:47 AM
-- Server version: 10.4.24-MariaDB
-- PHP Version: 7.4.29

SET SQL_MODE = "NO_AUTO_VALUE_ON_ZERO";
START TRANSACTION;
SET time_zone = "+00:00";


/*!40101 SET @OLD_CHARACTER_SET_CLIENT=@@CHARACTER_SET_CLIENT */;
/*!40101 SET @OLD_CHARACTER_SET_RESULTS=@@CHARACTER_SET_RESULTS */;
/*!40101 SET @OLD_COLLATION_CONNECTION=@@COLLATION_CONNECTION */;
/*!40101 SET NAMES utf8mb4 */;

--
-- Database: `spk_eks`
--

-- --------------------------------------------------------

--
-- Table structure for table `tab_alternatif`
--

CREATE TABLE `tab_alternatif` (
  `id_alternatif` varchar(10) NOT NULL,
  `nama_alternatif` varchar(50) NOT NULL
) ENGINE=InnoDB DEFAULT CHARSET=latin1;

--
-- Dumping data for table `tab_alternatif`
--

INSERT INTO `tab_alternatif` (`id_alternatif`, `nama_alternatif`) VALUES
('1', 'ShoopeExpress'),
('2', 'JNE Express'),
('3', 'J&T Express'),
('4', 'MAXIM');

-- --------------------------------------------------------

--
-- Table structure for table `tab_kriteria`
--

CREATE TABLE `tab_kriteria` (
  `id_kriteria` varchar(10) NOT NULL,
  `nama_kriteria` varchar(50) NOT NULL,
  `bobot` float NOT NULL,
  `status` varchar(20) NOT NULL
) ENGINE=InnoDB DEFAULT CHARSET=latin1;

--
-- Dumping data for table `tab_kriteria`
--

INSERT INTO `tab_kriteria` (`id_kriteria`, `nama_kriteria`, `bobot`, `status`) VALUES
('1', 'Harga', 5, 'Cost'),
('2', 'Kapasitas', 4, 'Benefit'),
('3', 'KECEPATAN', 4, 'Benefit'),
('4', 'Garansi Keamanan', 3, 'Benefit'),
('5', 'Sebaran Loket', 2, 'Benefit');

-- --------------------------------------------------------

--
-- Table structure for table `tab_topsis`
--

CREATE TABLE `tab_topsis` (
  `id_alternatif` varchar(10) NOT NULL,
  `id_kriteria` varchar(10) NOT NULL,
  `nilai` float NOT NULL
) ENGINE=InnoDB DEFAULT CHARSET=latin1;

--
-- Dumping data for table `tab_topsis`
--

INSERT INTO `tab_topsis` (`id_alternatif`, `id_kriteria`, `nilai`) VALUES
('1', '1', 80),
('1', '2', 80),
('1', '3', 80),
('1', '4', 70),
('1', '5', 60),
('2', '1', 70),
('2', '2', 80),
('2', '3', 70),
('2', '4', 80),
('2', '5', 70);

--
-- Indexes for dumped tables
--

--
-- Indexes for table `tab_alternatif`
--
ALTER TABLE `tab_alternatif`
  ADD PRIMARY KEY (`id_alternatif`);

--
-- Indexes for table `tab_kriteria`
--
ALTER TABLE `tab_kriteria`
  ADD PRIMARY KEY (`id_kriteria`);

--
-- Indexes for table `tab_topsis`
--
ALTER TABLE `tab_topsis`
  ADD PRIMARY KEY (`id_alternatif`,`id_kriteria`),
  ADD KEY `id_kriteria` (`id_kriteria`);

--
-- Constraints for dumped tables
--

--
-- Constraints for table `tab_topsis`
--
ALTER TABLE `tab_topsis`
  ADD CONSTRAINT `tab_topsis_ibfk_1` FOREIGN KEY (`id_kriteria`) REFERENCES `tab_kriteria` (`id_kriteria`) ON DELETE CASCADE ON UPDATE CASCADE;
COMMIT;

/*!40101 SET CHARACTER_SET_CLIENT=@OLD_CHARACTER_SET_CLIENT */;
/*!40101 SET CHARACTER_SET_RESULTS=@OLD_CHARACTER_SET_RESULTS */;
/*!40101 SET COLLATION_CONNECTION=@OLD_COLLATION_CONNECTION */;
